Beneficiary code,Household size,Children in school,Main income source,Monthly income range,Has toilet,Visit date,Remarks
BEN-SSG-ES-2026-001,4,1,Fishing,"Below 5,000",false,2026-09-08,Family receives remittances from a relative in Cebu.
BEN-SSG-ES-2026-002,5,2,Farming,"5,000 to 9,999",true,2026-09-09,Father works as a fisherman; boat repair needed before the habagat season.
BEN-SSG-ES-2026-003,6,3,Small business,"10,000 to 14,999",true,2026-09-10,Mother runs a small sari-sari store beside the house.
BEN-SSG-ES-2026-004,7,1,Wage labor,"Below 5,000",true,2026-09-11,Household relocated after the typhoon and is renting a room.
BEN-SSG-ES-2026-005,8,2,Remittances,"5,000 to 9,999",false,2026-09-12,Girl attends school regularly and joined the life skills sessions.
BEN-SSG-ES-2026-006,4,3,Fishing,"10,000 to 14,999",true,2026-09-13,Two children help with copra drying after class.
BEN-SSG-ES-2026-007,5,1,Farming,"Below 5,000",true,2026-09-14,Household has a school-age girl who returned to class this term.
BEN-SSG-ES-2026-008,6,2,Small business,"5,000 to 9,999",true,2026-09-15,Grandmother is the main caregiver while parents work in Tacloban.
BEN-SSG-ES-2026-009,7,3,Wage labor,"10,000 to 14,999",false,2026-09-16,Family received a hygiene kit and water container from the barangay.
BEN-SSG-ES-2026-010,8,1,Remittances,"Below 5,000",true,2026-09-17,No concerns raised during the visit.
BEN-SSG-ES-2026-011,4,2,Fishing,"5,000 to 9,999",true,2026-09-08,Household head is seeking seasonal work in the rice harvest.
BEN-SSG-ES-2026-012,5,3,Farming,"10,000 to 14,999",true,2026-09-09,Family attended the barangay orientation on child protection.
